,Review,Rating
0,  Good phoneDecent look and looks stylishCamera and battery quality are super goodGood phone in this range 👍But delivery service is not good,5.0 
1,  Both 13 MP and 5MP Camera quality is good. Have lot of pre installed apps. But can be uninstalled if not required. Overall good performance . I am using Asus zenfone max and according to me far better than Asus except Camera quality. It comes in 5000 mah battery and one can't get a better option at this price range. Go for it. It's really goodAfter one week useEdit:- please don't buy this phone. It hangs a lot and sometimes there is problem in touch screen.,1.0 
2,  Pros:1. Light weight2. Detachable battery3. Clean display4. Latest security patches for Android 10Cons:1. Can observe lags in screen transitions. Not a smooth navigation. Rendering is staggered.2. Auto-brightness feature is chaos. Frequently changes brightness even when they lighting is stable and phone is unmoved.3. Facebook is part of the stock OS and cannot be uninstalled.,3.0 
3,  Great photo Ossam phone,5.0 
4,"  If you are buying for parents, a big NO to this product. It has lot of bloat apps, unwanted popup notifications of apps.Young users with no game play okeyPros:•Finger print sensor at this price range 6.7k.•Quick response of finger sensor.•Battery 5000mah•Android Go editionCons:•Micro USB slot, it should be USB C type now.• pre installed apps, Bloatware, notifications like Redmi phones•Picture quality not great as compared to other phone at this price range.•Speaker sound is like twitter sound, no base•Plastic body•No phone cover included like other brands give now a days|| Overall good at this price range with finger print sensor.Android Go is a plus factor.|| Reccomendations go for other brands if budget greater than 7k.",3.0 
5,"  I've been using this phone for 4days now.I will share my review with pros and cons:cons:1.It feel like a cheap phone idk why,there are some phones in this price segment ""looks"" premium.2.No LED notification,a major missing.3.Rear Camera is not that good in default,but when we changed to 48MP it looks ""kinda"" good.It seems like good in this price segment.4.Its little bit getting Hot while charging and I feel some Hottnes while taking photos(maybe coz of outside temperature)5.It takes quite a bit to get fully charged,yah the battery is 6000 but its fast charging with 18W.6.so much pre installed apps(we can uninstall it) and also like previously,we have to go through each app to disable ""Recommendations""Pros:1.Very light weight and it doesn't feel a massive 6000 is inside2.Front camera is Superb! good detailed pics in portrait.3.Battery is so good.I use the phone to take a lot of pictures and use it for 1 hr swiping through Instagram,the battery doesn't notice that at all lol(its pretty good)4.Stereo speaker does that job GOOD5.For games,ya with a medium settings it is good for 1hr continuous gaming after that it gets little hot but there is no overheating like that issue till now.This is all I can remember,I will try to update if I notice it afterwards.",4.0 
6,"  Your browser does not support HTML5 video.   Defective product shipped.. reported within a  few  hours of receipt and no one showed up for inspection despite several follow ups. Now, it is not being replaced or refunded. Horrible experience!!",1.0 
7,  Not a good product I recommend not to buy this and waste your prestigious money. The camera is really Very bad and many functions are missing,1.0 
8,"  I've been using this phone for 4days now.I will share my review with pros and cons:cons:1.It feel like a cheap phone idk why,there are some phones in this price segment ""looks"" premium.2.No LED notification,a major missing.3.Rear Camera is not that good in default,but when we changed to 48MP it looks ""kinda"" good.It seems like good in this price segment.4.Its little bit getting Hot while charging and I feel some Hottnes while taking photos(maybe coz of outside temperature)5.It takes quite a bit to get fully charged,yah the battery is 6000 but its fast charging with 18W.6.so much pre installed apps(we can uninstall it) and also like previously,we have to go through each app to disable ""Recommendations""Pros:1.Very light weight and it doesn't feel a massive 6000 is inside2.Front camera is Superb! good detailed pics in portrait.3.Battery is so good.I use the phone to take a lot of pictures and use it for 1 hr swiping through Instagram,the battery doesn't notice that at all lol(its pretty good)4.Stereo speaker does that job GOOD5.For games,ya with a medium settings it is good for 1hr continuous gaming after that it gets little hot but there is no overheating like that issue till now.This is all I can remember,I will try to update if I notice it afterwards.",4.0 
9,"  I've been using this phone for 4days now.I will share my review with pros and cons:cons:1.It feel like a cheap phone idk why,there are some phones in this price segment ""looks"" premium.2.No LED notification,a major missing.3.Rear Camera is not that good in default,but when we changed to 48MP it looks ""kinda"" good.It seems like good in this price segment.4.Its little bit getting Hot while charging and I feel some Hottnes while taking photos(maybe coz of outside temperature)5.It takes quite a bit to get fully charged,yah the battery is 6000 but its fast charging with 18W.6.so much pre installed apps(we can uninstall it) and also like previously,we have to go through each app to disable ""Recommendations""Pros:1.Very light weight and it doesn't feel a massive 6000 is inside2.Front camera is Superb! good detailed pics in portrait.3.Battery is so good.I use the phone to take a lot of pictures and use it for 1 hr swiping through Instagram,the battery doesn't notice that at all lol(its pretty good)4.Stereo speaker does that job GOOD5.For games,ya with a medium settings it is good for 1hr continuous gaming after that it gets little hot but there is no overheating like that issue till now.This is all I can remember,I will try to update if I notice it afterwards.",4.0 
10,"  Great product by redmi, but I request to redmi please don't make fake sale",5.0 
11,"  Tecno spark 7 is best mobile ,this price renge ,awesome performance ,,and look like very good  Thnku techno .....",4.0 
12,"  I've been using this phone for 4days now.I will share my review with pros and cons:cons:1.It feel like a cheap phone idk why,there are some phones in this price segment ""looks"" premium.2.No LED notification,a major missing.3.Rear Camera is not that good in default,but when we changed to 48MP it looks ""kinda"" good.It seems like good in this price segment.4.Its little bit getting Hot while charging and I feel some Hottnes while taking photos(maybe coz of outside temperature)5.It takes quite a bit to get fully charged,yah the battery is 6000 but its fast charging with 18W.6.so much pre installed apps(we can uninstall it) and also like previously,we have to go through each app to disable ""Recommendations""Pros:1.Very light weight and it doesn't feel a massive 6000 is inside2.Front camera is Superb! good detailed pics in portrait.3.Battery is so good.I use the phone to take a lot of pictures and use it for 1 hr swiping through Instagram,the battery doesn't notice that at all lol(its pretty good)4.Stereo speaker does that job GOOD5.For games,ya with a medium settings it is good for 1hr continuous gaming after that it gets little hot but there is no overheating like that issue till now.This is all I can remember,I will try to update if I notice it afterwards.",4.0 
13,  Overall the phone is excellent as per the features and price.,4.0 
14,  This  product is so good,4.0 
15,"  It's not 5G.its Fake 5g phone. Please please don't buy.Trust only trusted Brands For 5G smartphone, Like Realme, MI, Samsung, oppo, vivo, iQOO etc.",1.0 
16,"  Phone is not up to the mark,Display is very dull,Camera performance is ok ok not awesome or an excellentBackside is glossy finish so it's absorbing too much finger printsFor gaming it's goodToo many advertisements...Themes and wallpaper are not free... You will have to buy every item.. (Weird)Charging speed is fastBattery life is goodNot worth in this price range....",2.0 
17,  I just bought 2 days back and it's really very slow and bad phone. I sold my good phone for this slow phone.No search in settings. Andorid 10 feature has been suprressed by their own OS and ita really bad experience.,1.0 
18,"  I am writing the review after use of about 1 day. I purchased it for my mother. She is very happy to have it. Aa she was earlier user of Samsung basic mobile and she used the mobile for about 6 years. So now she upgraded to smartphone of this brand because in her opinion Samsung mobiles are long lasting. In my opinion:-  Display- 4.5/5  Battery- 5/5  Camera- 5/5  Performance- 4/5  Look- 4/5  Value for money- 4.5/5Display is good and bright as usual Samsung display are always of better quality.  Sound is not best but okay. Look is good but need improvement in back design as it seems to be a cheap plastic material. Battery has no complaints. Camera specially front camera is surprisingly good. But performance should be improved as somtime touch is less responsive.so if you are multitasker and heavy user of mobile then itz not for you. but keeping the price in mind 7299 rs for 3gb ram and 32 gb storage its a fair deal as you are attached to Samsung brand which is better than cheap chinese mobiles like Mi, Oppo, etcPlz don't forget to like if fou find my review helpful 👍",5.0 
19,"  Phone is not up to the mark,Display is very dull,Camera performance is ok ok not awesome or an excellentBackside is glossy finish so it's absorbing too much finger printsFor gaming it's goodToo many advertisements...Themes and wallpaper are not free... You will have to buy every item.. (Weird)Charging speed is fastBattery life is goodNot worth in this price range....",2.0 
20,  Fake product don't buy it. Buy some branded phones. Check out gyan therapy channel you will know thier work and how they make fools people.,1.0 
21,  Really awesome display 😍 super camera super design fabulous 😍💐,5.0 
22,  Good phoneDecent look and looks stylishCamera and battery quality are super goodGood phone in this range 👍But delivery service is not good,5.0 
23,"  I am writing the review after use of about 1 day. I purchased it for my mother. She is very happy to have it. Aa she was earlier user of Samsung basic mobile and she used the mobile for about 6 years. So now she upgraded to smartphone of this brand because in her opinion Samsung mobiles are long lasting. In my opinion:-  Display- 4.5/5  Battery- 5/5  Camera- 5/5  Performance- 4/5  Look- 4/5  Value for money- 4.5/5Display is good and bright as usual Samsung display are always of better quality.  Sound is not best but okay. Look is good but need improvement in back design as it seems to be a cheap plastic material. Battery has no complaints. Camera specially front camera is surprisingly good. But performance should be improved as somtime touch is less responsive.so if you are multitasker and heavy user of mobile then itz not for you. but keeping the price in mind 7299 rs for 3gb ram and 32 gb storage its a fair deal as you are attached to Samsung brand which is better than cheap chinese mobiles like Mi, Oppo, etcPlz don't forget to like if fou find my review helpful 👍",5.0 
24,  Bakwas phone,1.0 
25,"  This review's to all those who were eagerly waiting for the phone to launch and get hands on, but before all it's always hard to get the ""DEMO"" at the earliest so.. ""IMAGES"" above are to those who can't find demos much often/needed color/to avoid contacts at stores during Covid.Pros - Leather back warmth feelCons - Back Camera's not upto the mark when compared to the phones in market and of this price range, though it has given a sleek and leather finish with minimized thickness. . It's pro fades out its Con so can go for it blindly but only if you think ""CAMERA'S"" not your ""PRIORITY""Features I thought would be there was 9.1 surround music/Dolby Atmos but it comes with:Real Sound Technology, just have a look into it if you're specific2. Super Amoled+ Display.Hassle free(Inside the box):Tempered glass comes on the phone itself so no extra work on fixing, which might sometimes go wrong.2. Silicon back case (if you're looking for touch and feel of leather back, better not use.. but use a side bumper if available for protection) Do also post where we can find side bumper, cos it's hard finding for new phones.. Thanks!Looking for a Standout design in 15-20k range? Then, ""GO FOR IT"" that's Value for money!",4.0 
26,  Dont buy this it is not worth for money. It is working slow,1.0 
27,  Best phoneGood lookingEasy to handle even on one handLoaded with full features except web.The smaller look and dual sim support is the best feature that i like most .Speaker: music sound low but ear speaker sound is great.Battery : 2 days on average usage800mah battery charge within minutes.Cons: earphone and adaptor is not coming with the boxRecommend: anyone sould get it without any hesitationWhen i took this in my hand it feels great.,4.0 
28,  Awesome camera Awesome battery Awesome display  ....Super clear ZoomSuper Macro sensorSuper ultrawide angleAtlast Thanks Samsung for 730G,5.0 
29,  Good mobile,5.0 
30,  Battery life very baad saund very good price to hi on the offline,3.0 
31,"  Your browser does not support HTML5 video.   Defective product shipped.. reported within a  few  hours of receipt and no one showed up for inspection despite several follow ups. Now, it is not being replaced or refunded. Horrible experience!!",1.0 
32,"  Stock Android Experience, 2 years of Major OS updates, 3 years of Security updates, Punch-hole display which looks quite impressive.Things which could have been better: Nokia's pricing of this phone could be around 10k,cameras could have been better, Battery is okayish for moderate use so a good wattage charging brick could have been added in the box. But I guess the SOC on board doesn't support above 10w charging.Bought this for my mom as I was fed-up of bloatwares in last Mi phone; who has general usage of whatsapp/calls/minor songs/little YouTube and occasional usage of camera. So people with moderate usage can definitely go for this phone. Yes this is not a hardcore gamer phone but you surely can play easy-on-graphics game given the 4000mah battery.Update 1: After using the phone for 1.5 months- The 4000mah battery does last for 2 days on a single charge. But since the in-box charger is just 5W, it takes more than 2 hours to charge from 10% to 100%. Not sure why Nokia did this. Coz other brands did provide upto 18W fast charging with same SD460 chipset.",4.0 
33,"  Phone is not up to the mark,Display is very dull,Camera performance is ok ok not awesome or an excellentBackside is glossy finish so it's absorbing too much finger printsFor gaming it's goodToo many advertisements...Themes and wallpaper are not free... You will have to buy every item.. (Weird)Charging speed is fastBattery life is goodNot worth in this price range....",2.0 
34,  Hanging sometime,2.0 
35,  Dont buy this it is not worth for money. It is working slow,1.0 
36,  Awesome camera Awesome battery Awesome display  ....Super clear ZoomSuper Macro sensorSuper ultrawide angleAtlast Thanks Samsung for 730G,5.0 
37,  Phone looks absolutely top class. Will update this review after 7days of use.Should have fingerprint sensor.,4.0 
38,"  Phone is not up to the mark,Display is very dull,Camera performance is ok ok not awesome or an excellentBackside is glossy finish so it's absorbing too much finger printsFor gaming it's goodToo many advertisements...Themes and wallpaper are not free... You will have to buy every item.. (Weird)Charging speed is fastBattery life is goodNot worth in this price range....",2.0 
39,"  Greatest deal for Snapdragon 750 that too with Samsung. Buy blindly.There are many comments on display quality.But it doesn't matter that much , what we have to see in buying 5G phone is future proof.Buying 90hz display with cheap processor won't last you for year.This phone has one of the best 5G processor SD 750 which can last longer than others.There are few 5G mobiles Under 20 k which offers better display than this 1. Oppo A74: but in this the processor you get SD 480 , which is the basic version of 5G processor and below par than SD 750.2. Oppo a53s: which uses mediatek dimension 700 . Please don't compare media Tek Vs Snapdragon.Final verdict: You have to decide what you want. If you really looking for best 5G features under 20 k then blindly go for M42. Since no other company offers SD 750 processor for less than 20 k.",5.0 
40,"  Greatest deal for Snapdragon 750 that too with Samsung. Buy blindly.There are many comments on display quality.But it doesn't matter that much , what we have to see in buying 5G phone is future proof.Buying 90hz display with cheap processor won't last you for year.This phone has one of the best 5G processor SD 750 which can last longer than others.There are few 5G mobiles Under 20 k which offers better display than this 1. Oppo A74: but in this the processor you get SD 480 , which is the basic version of 5G processor and below par than SD 750.2. Oppo a53s: which uses mediatek dimension 700 . Please don't compare media Tek Vs Snapdragon.Final verdict: You have to decide what you want. If you really looking for best 5G features under 20 k then blindly go for M42. Since no other company offers SD 750 processor for less than 20 k.",5.0 
41,  Without charger item received.Not friendly to use the mobile.,1.0 
42,"  Phone is not up to the mark,Display is very dull,Camera performance is ok ok not awesome or an excellentBackside is glossy finish so it's absorbing too much finger printsFor gaming it's goodToo many advertisements...Themes and wallpaper are not free... You will have to buy every item.. (Weird)Charging speed is fastBattery life is goodNot worth in this price range....",2.0 
43,  Nice mobile.,5.0 
44,  Camera is goodBetter is good,4.0 
45,  Good phoneDecent look and looks stylishCamera and battery quality are super goodGood phone in this range 👍But delivery service is not good,5.0 
46,  Camera quality low,1.0 
47,  Overall the phone is excellent as per the features and price.,4.0 
48,"  Owesm camera, better battery life, camera captures image quality good and well as well saturated. Good display . One more india product",5.0 
49,"  Sufficient performance and quality for the price range. Good for someone who doesn't play games, only calls, WhatsApp, occasional zoom meeting and YouTube. I gifted to my parents and is excellent replacement for their old phone. Fingerprint is really helpful for parents to unlock the phone with ease.Slightly bulky and heavy but after some days of use they got used to it.",5.0 
50,"  Honest review for a Honest Samsung phone. I am writing this review after using M31s for more than half month. And my verdict based on truly improved Samsung M series with my experience & tested after usage only.BUILD QUALITY. Superior, as it matches any S series flagship premium in classy look, strong built for this budget amount. My hand is small but still I found 6.5 inches display is good to handle as it is well managed for one hand use also.DISPLAY & FINGERPRINT.With Samsung SuperAmoled display you can truly trust the amazing view angle. Now in M31s feature of Widevine L Certification you can enjoy all those global Dolby theatre experience. I found it reliable for my 1920p to 4k level of movie watching without any distraction due to Infinite O display which gives Full Screen Ratio. Fingerprint on side is much faster than I expected. It doesn't takes a second also to open. Even FaceUnlock is faster.BATTERY.Main benefit of this midrange M series is it's maasive 6000mAh battery which gave me enough juice for nearly 3 days continuously. Tested.CAMERA.This time M series did a honest job by giving us a INTELLI camera of 64 mwgapixel with Single Take feature. Samsung gives what it advertises. Which made me to stick to Samsung brand. My usage of Camera is high & I found no complaints at all in focusing a shoot. Good color saturated. Well bright night shots. Macro shots r OSM. The depth & clarity of 64 megapixel is more developed in this M31s model. So no complaints.PROCESSOR.After using for more than half month I must say, Exynos 9611 works wonderful liquid speed when it is combined with LPDDR4X RAM technology. I have not faced any lag in PUBG or ASPHALT-9 hight end games, in medium setting which is good for battery saving. So 2.3Ghz speed accomplished. No complaints for the budget spent.SOUND QUALITY.After using for hours I found the Speaker this time Samsung made is much improved with Bass Stereo which was missing earlier. The in-ear delivers your ear the pure Dolby Atmos with clear precision and crystal clear bass effect.Bang for the bucks go for it. Thanks Amazon for Safe delivery.",5.0 
51,"  Pros - good screen 120hz, long battery life, mid range 5 G bands support same as in trial one n77,n78, good foam factor, fast finger print, fast charging, good camera, good audio output, supports mimo in both network and audio(realme labs).Cons - older os android 10 based realme os 1.0, Fast charging(Dart) sometimes not working, browser app gives ad in notification",4.0 
52,"  Honest review for a Honest Samsung phone. I am writing this review after using M31s for more than half month. And my verdict based on truly improved Samsung M series with my experience & tested after usage only.BUILD QUALITY. Superior, as it matches any S series flagship premium in classy look, strong built for this budget amount. My hand is small but still I found 6.5 inches display is good to handle as it is well managed for one hand use also.DISPLAY & FINGERPRINT.With Samsung SuperAmoled display you can truly trust the amazing view angle. Now in M31s feature of Widevine L Certification you can enjoy all those global Dolby theatre experience. I found it reliable for my 1920p to 4k level of movie watching without any distraction due to Infinite O display which gives Full Screen Ratio. Fingerprint on side is much faster than I expected. It doesn't takes a second also to open. Even FaceUnlock is faster.BATTERY.Main benefit of this midrange M series is it's maasive 6000mAh battery which gave me enough juice for nearly 3 days continuously. Tested.CAMERA.This time M series did a honest job by giving us a INTELLI camera of 64 mwgapixel with Single Take feature. Samsung gives what it advertises. Which made me to stick to Samsung brand. My usage of Camera is high & I found no complaints at all in focusing a shoot. Good color saturated. Well bright night shots. Macro shots r OSM. The depth & clarity of 64 megapixel is more developed in this M31s model. So no complaints.PROCESSOR.After using for more than half month I must say, Exynos 9611 works wonderful liquid speed when it is combined with LPDDR4X RAM technology. I have not faced any lag in PUBG or ASPHALT-9 hight end games, in medium setting which is good for battery saving. So 2.3Ghz speed accomplished. No complaints for the budget spent.SOUND QUALITY.After using for hours I found the Speaker this time Samsung made is much improved with Bass Stereo which was missing earlier. The in-ear delivers your ear the pure Dolby Atmos with clear precision and crystal clear bass effect.Bang for the bucks go for it. Thanks Amazon for Safe delivery.",5.0 
53,"  Tecno spark 7 is best mobile ,this price renge ,awesome performance ,,and look like very good  Thnku techno .....",4.0 
54,  Very nice product and good packaging thanks to seller and Amazon 🙂🙂,5.0 
55,  Overall the phone is excellent as per the features and price.,4.0 
56,  Is phone ko koi mat lena,1.0 
57,  Not a good product I recommend not to buy this and waste your prestigious money. The camera is really Very bad and many functions are missing,1.0 
58,  This phones performance is not good..this is very slow working..than other phone in this rate...this smartphone is totally waste for money....so amazon pls return this phone and refund my money....,2.0 
59,"  If ur looking for a clean no ads/no nonsense phone, with good battery life, running casual games...free fire also works with acceptable fps, with guaranteed Google updates for 2 years and 3 years security patch update...go for it....camera sucks by the way",5.0 
60,  Good Phone,5.0 
61,  Very bad product.All features are worst.,1.0 
62,  Redmi 6A has lag problems. This phone is hanging and lags while using YouTube and browser.Redmi 5A is far better than Redmi 6A. I am regretting on my decision for buying this phone. Not satisfied.,3.0 
63,"  Not fast charging  no long batterylife, no headphones. Somewhat is happy but disappointed with features.",3.0 
64,  Even after charge phone ....its not responding.....kindly replace this on a immediate basis or refund it asap,1.0 
65,"  Phone is good. But while call recording, recording intimation is getting to call receiver (2nd person). How to solve this problem.",3.0 
66,  It's a great phone im buy last 2 weaks ago oppo f9pro same all features on oppo a5s their is no change in this phone both are same of all features and battery backup is coming upto 2 days of once full charge with using mobile data display is asumne like oppo f9pro and for the cost its a superb phone to buy no hang problem in 2gb ram games is runing smoth with oppo game space its super thanks for the oppo and the seller for this great phone,5.0 
67,  Do not buy this pathetic phone....its my fault that i purchased it....pathetic camera..pathetic resolution....do not waste your money buying tbis,1.0 
68,  Phone is excellent for Price Set up. But does not have Auto Recording of Calls. And google Phone does not allow auto recording. In playing videos sound quality is very low.,4.0 
69,"  Stock Android Experience, 2 years of Major OS updates, 3 years of Security updates, Punch-hole display which looks quite impressive.Things which could have been better: Nokia's pricing of this phone could be around 10k,cameras could have been better, Battery is okayish for moderate use so a good wattage charging brick could have been added in the box. But I guess the SOC on board doesn't support above 10w charging.Bought this for my mom as I was fed-up of bloatwares in last Mi phone; who has general usage of whatsapp/calls/minor songs/little YouTube and occasional usage of camera. So people with moderate usage can definitely go for this phone. Yes this is not a hardcore gamer phone but you surely can play easy-on-graphics game given the 4000mah battery.Update 1: After using the phone for 1.5 months- The 4000mah battery does last for 2 days on a single charge. But since the in-box charger is just 5W, it takes more than 2 hours to charge from 10% to 100%. Not sure why Nokia did this. Coz other brands did provide upto 18W fast charging with same SD460 chipset.",4.0 
70,  This phone is gd so far..U can get a bunch of review on utube.. But some important point they miss is here..1. This phone have carrier aggregation support ie u get 4g +2. No 3.5 to type c converter in the box3.os is gd but but but there r some bugs4. Lots of preinstall app some of which can be uninstall5. I had used my friend mi 11x the amoled screen is better on 11x6. U get a vivo 65w charger which is fast but heats little7. Phone feels heavy when use inbox cover,5.0 
71,  Camera is goodBetter is good,4.0 
72,  Great photo Ossam phone,5.0 
73,"  Awesome product at this range. All features are excellent but vibration is very poor.& Sound quality superb, recommend for everyone by me.Suggestion for manufacturer- kindly improve vibration quality.",4.0 
74,  Waste product. Don't buy this product. Camera quality is bad and Sound is not satisfactory,1.0 
75,  Processor is not good,1.0 
76,"  Have problem with SIM slot, show No SIM some time, requires to reseat SIM",4.0 
77,  This is VOLTE,1.0 
78,"  Guys don't buy this model of Xiaomi, coz their is too many problem in this device also battery is drawing very very quick, I'm so frusted to spent 13000 worthless, pls go with Note 5 pro I think that phone  has commandable for battery life",1.0 
79,"  Don't but this phone, this is useless wasting time and money, I have bought ikall mobile after 1 month its not working properly then its goes for repair and after20 days come back and after 2days its again damage again go for repair and it will take 30days to come back,",1.0 
80,  Good for those who aren't gamer or like to play games or it is specialy for our parent's  because i also purchased for my mother.*CONS*~Its has very low chipset that is SD450.~FRONT CAMERA IS VERY POOR.~IT DON'T COMES WITH ANY TEMPERED OR COVER~THE LENGTH OF DATA CABLE IS VERY SHORT (70inc.) Normally the length is 1m. So it is very short and thin.,4.0 
81,  Realme x7 6gb.Rare camera worst.realme 5i s camera better than this.Ram management is good.finger print works faster.very speed charging.camera is worst,3.0 
82,  Very bad product.All features are worst.,1.0 
83,"  Visit a store, you may get it cheaper. I bought it at 17,400 last Sunday. Product looks good with compact design. Good luck shoppers!!",4.0 
84,  Do not buy this pathetic phone....its my fault that i purchased it....pathetic camera..pathetic resolution....do not waste your money buying tbis,1.0 
85,"  Liked the quality of the product from OPPO and the design.. It's far better than the Samsung M and A series mobiles.. Samsung mobiles are too delicate which are small drop also will loss the screen which cost you half of the mobile cost.. Currently I'm using OPPO F11 Pro, I liked a lot so I bought the oppo for my family..",5.0 
86,  This phone is not 4gb ram this is like 2gb if you are buying to play ges like pubg and FF this phone is not good for you sooo lagging hang. Important thing is the charge is not at all a good battery 🔋 that from 10percentage to 1 it goes in 1min.This display quality is not good and it supports only 480p resolution. Made of very low quality plastic. The charger comes with a this box but this phone charging time 4 hours and charge run out time 1 hour. If you play game 🎮 it time 30min.This phone call quality is ok. And sound quality is worst to the core if you put headphone then only you can here voice.This phone is too solw...Camera quality is too badTotally this phone 📱 is a stupid totally waste only point is this phone have 64 GB storage. And you cant download video from Google it tells can't open a tab until close ...DONT BUY THIS PHONE √,1.0 
87,"  Stock Android Experience, 2 years of Major OS updates, 3 years of Security updates, Punch-hole display which looks quite impressive.Things which could have been better: Nokia's pricing of this phone could be around 10k,cameras could have been better, Battery is okayish for moderate use so a good wattage charging brick could have been added in the box. But I guess the SOC on board doesn't support above 10w charging.Bought this for my mom as I was fed-up of bloatwares in last Mi phone; who has general usage of whatsapp/calls/minor songs/little YouTube and occasional usage of camera. So people with moderate usage can definitely go for this phone. Yes this is not a hardcore gamer phone but you surely can play easy-on-graphics game given the 4000mah battery.Update 1: After using the phone for 1.5 months- The 4000mah battery does last for 2 days on a single charge. But since the in-box charger is just 5W, it takes more than 2 hours to charge from 10% to 100%. Not sure why Nokia did this. Coz other brands did provide upto 18W fast charging with same SD460 chipset.",4.0 
88,"  Coolpad cool 6 is a awesome under 11k and I think battery is bad but battery backup is also good.Now, I'm editing the review very bad experience in 1 months.Phone is hanging.I don't recommend this phone.",1.0 
89,"  Liked the quality of the product from OPPO and the design.. It's far better than the Samsung M and A series mobiles.. Samsung mobiles are too delicate which are small drop also will loss the screen which cost you half of the mobile cost.. Currently I'm using OPPO F11 Pro, I liked a lot so I bought the oppo for my family..",5.0 
90,  Mobile is not good...camera not up to mark...hang and heating problem...my money waste...best go other brand.....I used Samsung before that was good,1.0 
91,  Is phone ko koi mat lena,1.0 
92,  This is good mobile.But sometime it's sound is off ..and automatically call is cut ...but as for normal use it's nice,3.0 
93,"  Guys don't buy this model of Xiaomi, coz their is too many problem in this device also battery is drawing very very quick, I'm so frusted to spent 13000 worthless, pls go with Note 5 pro I think that phone  has commandable for battery life",1.0 
